{
  "ccwms": {
    "frc1111": -5.761818591342978,
    "frc1123": 27.99147682074371,
    "frc1389": -5.651774077520082,
    "frc1446": 8.892296772268264,
    "frc1731": 51.704669648625284,
    "frc1895": 1.5504813333903416,
    "frc1908": 22.156698246813434,
    "frc2199": 23.77186512314067,
    "frc2377": -13.910591671846937,
    "frc2534": -12.873673320821949,
    "frc2537": -0.33622002265117334,
    "frc2900": -20.378147838837908,
    "frc2914": -3.063799533398131,
    "frc2961": -13.176081728060508,
    "frc4099": 5.7226497193586185,
    "frc4456": 23.15541475968128,
    "frc449": 7.746199589211516,
    "frc4638": -9.696950849101018,
    "frc4821": -14.137591947176197,
    "frc5338": 13.898492768592243,
    "frc5549": -18.65162129326237,
    "frc5587": -11.935838493871193,
    "frc5830": -8.946732243575676,
    "frc5841": -18.914784315856263,
    "frc611": -11.777008288207298,
    "frc614": -4.261131341248253,
    "frc620": -10.714268076248121,
    "frc6239": -24.650178276360446,
    "frc6326": 16.135197007909287,
    "frc6863": 5.035365306926877,
    "frc7886": -3.8193549263862625,
    "frc8326": -12.501215067178277,
    "frc836": 19.16556396783214,
    "frc8514": -10.94964405167611,
    "frc8622": -3.451653917414227,
    "frc888": 12.63370880754755
  },
  "dprs": {
    "frc1111": 26.089213745917277,
    "frc1123": 23.23351307443718,
    "frc1389": 26.85250076227899,
    "frc1446": 2.490824121337525,
    "frc1731": 13.3640932628429,
    "frc1895": 23.168938521280324,
    "frc1908": 8.13410749458162,
    "frc2199": 23.347829155945263,
    "frc2377": 24.91480004055089,
    "frc2534": 19.719901553308222,
    "frc2537": 20.29430307503554,
    "frc2900": 37.10772084993986,
    "frc2914": 21.424127813396282,
    "frc2961": 18.421910533137563,
    "frc4099": 28.611411454872666,
    "frc4456": 11.911764429125498,
    "frc449": 19.59122547202395,
    "frc4638": 20.622490997287443,
    "frc4821": 27.217475608020276,
    "frc5338": 12.358982336441613,
    "frc5549": 27.99847925388035,
    "frc5587": 23.412118505808976,
    "frc5830": 28.666064576831502,
    "frc5841": 25.72431568788162,
    "frc611": 25.974181898094585,
    "frc614": 26.60144157493034,
    "frc620": 30.07928428480868,
    "frc6239": 34.49589179517815,
    "frc6326": 11.89442405621869,
    "frc6863": 23.760952880352274,
    "frc7886": 12.74226284743354,
    "frc8326": 32.81848258866727,
    "frc836": 25.025412056172446,
    "frc8514": 21.13913668340811,
    "frc8622": 9.028236567768305,
    "frc888": 14.678847107471348
  },
  "oprs": {
    "frc1111": 20.32739515457429,
    "frc1123": 51.2249898951809,
    "frc1389": 21.200726684758905,
    "frc1446": 11.383120893605792,
    "frc1731": 65.06876291146816,
    "frc1895": 24.719419854670637,
    "frc1908": 30.290805741395047,
    "frc2199": 47.11969427908592,
    "frc2377": 11.00420836870395,
    "frc2534": 6.846228232486293,
    "frc2537": 19.958083052384342,
    "frc2900": 16.729573011101962,
    "frc2914": 18.36032827999817,
    "frc2961": 5.245828805077057,
    "frc4099": 34.334061174231294,
    "frc4456": 35.06717918880676,
    "frc449": 27.337425061235482,
    "frc4638": 10.925540148186442,
    "frc4821": 13.079883660844079,
    "frc5338": 26.257475105033862,
    "frc5549": 9.346857960617978,
    "frc5587": 11.476280011937792,
    "frc5830": 19.7193323332558,
    "frc5841": 6.809531372025361,
    "frc611": 14.197173609887308,
    "frc614": 22.340310233682082,
    "frc620": 19.36501620856056,
    "frc6239": 9.845713518817714,
    "frc6326": 28.029621064127955,
    "frc6863": 28.796318187279144,
    "frc7886": 8.922907921047297,
    "frc8326": 20.317267521489015,
    "frc836": 44.19097602400458,
    "frc8514": 10.189492631731994,
    "frc8622": 5.576582650354082,
    "frc888": 27.312555915018905
  }
}
