{
  "ccwms": {
    "frc1111": -5.7618185913429585,
    "frc1123": 27.991476820743742,
    "frc1389": -5.651774077520047,
    "frc1446": 8.892296772268281,
    "frc1731": 51.70466964862529,
    "frc1895": 1.550481333390306,
    "frc1908": 22.15669824681346,
    "frc2199": 23.771865123140618,
    "frc2377": -13.910591671846966,
    "frc2534": -12.873673320821958,
    "frc2537": -0.3362200226511135,
    "frc2900": -20.378147838837926,
    "frc2914": -3.063799533398094,
    "frc2961": -13.176081728060524,
    "frc4099": 5.722649719358578,
    "frc4456": 23.155414759681324,
    "frc449": 7.746199589211519,
    "frc4638": -9.696950849101047,
    "frc4821": -14.137591947176192,
    "frc5338": 13.89849276859227,
    "frc5549": -18.65162129326232,
    "frc5587": -11.935838493871191,
    "frc5830": -8.94673224357573,
    "frc5841": -18.914784315856267,
    "frc611": -11.77700828820731,
    "frc614": -4.261131341248235,
    "frc620": -10.714268076248143,
    "frc6239": -24.650178276360364,
    "frc6326": 16.13519700790926,
    "frc6863": 5.035365306926899,
    "frc7886": -3.819354926386274,
    "frc8326": -12.501215067178267,
    "frc836": 19.165563967832178,
    "frc8514": -10.949644051676103,
    "frc8622": -3.4516539174142578,
    "frc888": 12.6337088075476
  },
  "dprs": {
    "frc1111": 26.089213745917235,
    "frc1123": 23.233513074437194,
    "frc1389": 26.852500762279043,
    "frc1446": 2.4908241213375035,
    "frc1731": 13.364093262843106,
    "frc1895": 23.168938521280296,
    "frc1908": 8.134107494581542,
    "frc2199": 23.34782915594522,
    "frc2377": 24.91480004055084,
    "frc2534": 19.719901553308205,
    "frc2537": 20.29430307503551,
    "frc2900": 37.107720849939874,
    "frc2914": 21.424127813396176,
    "frc2961": 18.4219105331375,
    "frc4099": 28.611411454872716,
    "frc4456": 11.911764429125377,
    "frc449": 19.59122547202393,
    "frc4638": 20.622490997287443,
    "frc4821": 27.21747560802025,
    "frc5338": 12.358982336441578,
    "frc5549": 27.998479253880323,
    "frc5587": 23.4121185058089,
    "frc5830": 28.666064576831502,
    "frc5841": 25.724315687881617,
    "frc611": 25.974181898094642,
    "frc614": 26.601441574930252,
    "frc620": 30.07928428480861,
    "frc6239": 34.49589179517807,
    "frc6326": 11.894424056218675,
    "frc6863": 23.760952880352228,
    "frc7886": 12.742262847433565,
    "frc8326": 32.81848258866734,
    "frc836": 25.025412056172414,
    "frc8514": 21.139136683408097,
    "frc8622": 9.02823656776836,
    "frc888": 14.678847107471267
  },
  "oprs": {
    "frc1111": 20.327395154574276,
    "frc1123": 51.22498989518095,
    "frc1389": 21.200726684758997,
    "frc1446": 11.383120893605785,
    "frc1731": 65.06876291146838,
    "frc1895": 24.71941985467062,
    "frc1908": 30.290805741395005,
    "frc2199": 47.11969427908585,
    "frc2377": 11.004208368703864,
    "frc2534": 6.846228232486254,
    "frc2537": 19.958083052384392,
    "frc2900": 16.729573011101948,
    "frc2914": 18.360328279998093,
    "frc2961": 5.245828805076975,
    "frc4099": 34.33406117423131,
    "frc4456": 35.06717918880668,
    "frc449": 27.337425061235443,
    "frc4638": 10.9255401481864,
    "frc4821": 13.079883660844054,
    "frc5338": 26.257475105033862,
    "frc5549": 9.346857960618028,
    "frc5587": 11.476280011937725,
    "frc5830": 19.719332333255764,
    "frc5841": 6.809531372025354,
    "frc611": 14.197173609887336,
    "frc614": 22.340310233682022,
    "frc620": 19.365016208560483,
    "frc6239": 9.84571351881769,
    "frc6326": 28.029621064127923,
    "frc6863": 28.79631818727913,
    "frc7886": 8.922907921047294,
    "frc8326": 20.31726752148908,
    "frc836": 44.19097602400459,
    "frc8514": 10.189492631731994,
    "frc8622": 5.5765826503541085,
    "frc888": 27.31255591501887
  }
}
